{"cameraMode":{"drawMode":0,"name":"Shaded","section":"Shading Mode"},"sceneLighting":false,"audioPlay":false,"sceneViewState":{"m_AlwaysRefresh":false,"showFog":true,"showSkybox":false,"showFlares":true,"showImageEffects":true,"showParticleSystems":true,"showVisualEffectGraphs":true,"m_FxEnabled":true},"in2DMode":false,"pivot":{"x":308.668701171875,"y":70.03675079345703,"z":3.0101206302642824},"rotation":{"x":-0.09743916988372803,"y":-0.06593748182058335,"z":0.0064700013026595119,"w":-0.9930337071418762},"size":186.2273712158203,"orthographic":false}